cellbc	geneid	reads
AACACC	ENSMUSG00000075015	1
AACACC	NA	1
AACCTC	NA	1
AACGAG	ENSMUSG00000031751	1
AACGAG	ENSMUSG00000064368	1
AACGAG	NA	17
AACTGG	NA	1
AAGCAC	ENSMUSG00000027848	1
AAGCCA	ENSMUSG00000032411	1
AAGCCA	ENSMUSG00000042548	1
AAGCCA	NA	35
AAGGTG	NA	1
AAGTGC	NA	1
ACAAGC	ENSMUSG00000033454	1
ACAAGC	NA	1
ACAGAC	ENSMUSG00000064368	1
ACAGAC	ENSMUSG00000075014	1
ACAGAC	NA	3
ACAGGA	NA	1
ACAGTG	ENSMUSG00000027957	1
ACAGTG	ENSMUSG00000031309	1
ACAGTG	ENSMUSG00000047832	1
ACAGTG	ENSMUSG00000075014	1
ACAGTG	NA	1
ACATGG	ENSMUSG00000054766	1
ACATGG	ENSMUSG00000075014	1
ACCAAC	ENSMUSG00000000581	1
ACCAAC	ENSMUSG00000050299	1
ACCAAC	ENSMUSG00000060019	1
ACCAAC	ENSMUSG00000064370	1
ACCAAC	ENSMUSG00000112937	1
ACCAAC	NA	3
ACCAGA	NA	1
ACCATG	ENSMUSG00000002147	1
ACCATG	ENSMUSG00000017418	1
ACCATG	ENSMUSG00000018698	1
ACCATG	ENSMUSG00000018707	1
ACCATG	ENSMUSG00000020227	1
ACCATG	ENSMUSG00000020564	1
ACCATG	ENSMUSG00000020571	1
ACCATG	ENSMUSG00000021068	1
ACCATG	ENSMUSG00000021737	1
ACCATG	ENSMUSG00000022283	1
ACCATG	ENSMUSG00000022687	1
ACCATG	ENSMUSG00000022816	1
ACCATG	ENSMUSG00000022867	1
ACCATG	ENSMUSG00000026727	1
ACCATG	ENSMUSG00000027602	1
ACCATG	ENSMUSG00000027797	1
ACCATG	ENSMUSG00000028063	1
ACCATG	ENSMUSG00000028191	1
ACCATG	ENSMUSG00000028413	1
ACCATG	ENSMUSG00000028820	1
ACCATG	ENSMUSG00000029647	1
ACCATG	ENSMUSG00000029661	1
ACCATG	ENSMUSG00000029708	1
ACCATG	ENSMUSG00000031278	1
ACCATG	ENSMUSG00000031565	1
ACCATG	ENSMUSG00000035385	4
ACCATG	ENSMUSG00000035783	1
ACCATG	ENSMUSG00000036104	1
ACCATG	ENSMUSG00000036371	1
ACCATG	ENSMUSG00000040018	1
ACCATG	ENSMUSG00000042670	1
ACCATG	ENSMUSG00000042743	1
ACCATG	ENSMUSG00000045319	1
ACCATG	ENSMUSG00000063358	1
ACCATG	ENSMUSG00000064368	1
ACCATG	ENSMUSG00000074564	1
ACCATG	ENSMUSG00000075014	15
ACCATG	ENSMUSG00000075015	2
ACCATG	ENSMUSG00000092341	1
ACCATG	ENSMUSG00000095186	1
ACCATG	ENSMUSG00000103032	1
ACCATG	NA	115
ACGGTA	NA	1
ACGTAC	ENSMUSG00000025647	1
ACGTAC	NA	1
ACGTGA	ENSMUSG00000064302	1
ACGTGA	NA	3
ACGTTG	NA	1
ACTCAC	ENSMUSG00000022432	1
ACTCAC	NA	1
ACTCGA	ENSMUSG00000001525	1
ACTCGA	NA	1
ACTCTG	NA	6
ACTTCG	ENSMUSG00000001506	1
ACTTCG	ENSMUSG00000002265	1
ACTTCG	ENSMUSG00000002897	1
ACTTCG	ENSMUSG00000019820	1
ACTTCG	ENSMUSG00000022142	1
ACTTCG	ENSMUSG00000022864	1
ACTTCG	ENSMUSG00000022982	1
ACTTCG	ENSMUSG00000023010	1
ACTTCG	ENSMUSG00000024548	1
ACTTCG	ENSMUSG00000025492	1
ACTTCG	ENSMUSG00000025982	1
ACTTCG	ENSMUSG00000026837	1
ACTTCG	ENSMUSG00000027230	1
ACTTCG	ENSMUSG00000027652	1
ACTTCG	ENSMUSG00000027750	1
ACTTCG	ENSMUSG00000028693	1
ACTTCG	ENSMUSG00000029580	1
ACTTCG	ENSMUSG00000031556	1
ACTTCG	ENSMUSG00000032399	1
ACTTCG	ENSMUSG00000033813	1
ACTTCG	ENSMUSG00000035754	1
ACTTCG	ENSMUSG00000036478	1
ACTTCG	ENSMUSG00000038976	1
ACTTCG	ENSMUSG00000040605	1
ACTTCG	ENSMUSG00000051391	1
ACTTCG	ENSMUSG00000052456	1
ACTTCG	ENSMUSG00000061787	1
ACTTCG	ENSMUSG00000062203	1
ACTTCG	ENSMUSG00000062328	1
ACTTCG	ENSMUSG00000064337	1
ACTTCG	ENSMUSG00000064339	3
ACTTCG	ENSMUSG00000075014	6
ACTTCG	ENSMUSG00000075015	1
ACTTCG	ENSMUSG00000092341	1
ACTTCG	ENSMUSG00000094483	1
ACTTCG	ENSMUSG00000095280	1
ACTTCG	NA	35
AGAACG	NA	1
AGACAG	ENSMUSG00000001506	1
AGACAG	ENSMUSG00000017677	1
AGACAG	ENSMUSG00000022452	1
AGACAG	ENSMUSG00000022533	1
AGACAG	ENSMUSG00000027797	1
AGACAG	ENSMUSG00000028525	1
AGACAG	ENSMUSG00000030103	1
AGACAG	ENSMUSG00000032612	1
AGACAG	ENSMUSG00000037706	1
AGACAG	ENSMUSG00000041453	1
AGACAG	ENSMUSG00000057098	2
AGACAG	ENSMUSG00000057367	1
AGACAG	ENSMUSG00000062184	1
AGACAG	ENSMUSG00000064368	1
AGACAG	ENSMUSG00000068566	1
AGACAG	ENSMUSG00000071072	1
AGACAG	ENSMUSG00000073676	1
AGACAG	ENSMUSG00000075014	5
AGACAG	ENSMUSG00000095547	1
AGACAG	NA	14
AGACCA	NA	1
AGACTC	ENSMUSG00000020520	1
AGACTC	NA	1
AGATGC	NA	1
AGCGAA	ENSMUSG00000029467	1
AGCTAG	ENSMUSG00000001506	1
AGCTAG	ENSMUSG00000001729	1
AGCTAG	ENSMUSG00000005779	1
AGCTAG	ENSMUSG00000018593	2
AGCTAG	ENSMUSG00000021127	2
AGCTAG	ENSMUSG00000022003	1
AGCTAG	ENSMUSG00000023004	1
AGCTAG	ENSMUSG00000023067	1
AGCTAG	ENSMUSG00000025982	1
AGCTAG	ENSMUSG00000026043	1
AGCTAG	ENSMUSG00000026083	1
AGCTAG	ENSMUSG00000027239	1
AGCTAG	ENSMUSG00000027829	1
AGCTAG	ENSMUSG00000028163	1
AGCTAG	ENSMUSG00000028849	1
AGCTAG	ENSMUSG00000029227	1
AGCTAG	ENSMUSG00000029321	1
AGCTAG	ENSMUSG00000029580	1
AGCTAG	ENSMUSG00000029661	2
AGCTAG	ENSMUSG00000029814	1
AGCTAG	ENSMUSG00000030096	1
AGCTAG	ENSMUSG00000032000	1
AGCTAG	ENSMUSG00000032011	1
AGCTAG	ENSMUSG00000032216	1
AGCTAG	ENSMUSG00000036256	1
AGCTAG	ENSMUSG00000036446	1
AGCTAG	ENSMUSG00000044894	1
AGCTAG	ENSMUSG00000047181	1
AGCTAG	ENSMUSG00000050295	1
AGCTAG	ENSMUSG00000056608	1
AGCTAG	ENSMUSG00000067870	1
AGCTAG	ENSMUSG00000075014	3
AGCTAG	ENSMUSG00000075015	1
AGCTAG	ENSMUSG00000095280	1
AGCTAG	ENSMUSG00000106568	1
AGCTAG	NA	34
AGCTCA	ENSMUSG00000005125	1
AGCTCA	ENSMUSG00000007039	1
AGCTCA	ENSMUSG00000041408	1
AGCTCA	ENSMUSG00000051695	1
AGCTCA	NA	1
AGCTTC	ENSMUSG00000002870	1
AGCTTC	ENSMUSG00000029580	1
AGCTTC	ENSMUSG00000039001	1
AGCTTC	ENSMUSG00000041598	1
AGCTTC	ENSMUSG00000064337	1
AGCTTC	NA	2
AGGAAG	ENSMUSG00000003970	1
AGGAAG	NA	3
AGGACA	ENSMUSG00000000078	1
AGGACA	ENSMUSG00000002980	1
AGGACA	ENSMUSG00000021149	1
AGGACA	ENSMUSG00000022479	1
AGGACA	ENSMUSG00000024646	1
AGGACA	ENSMUSG00000024847	1
AGGACA	ENSMUSG00000026566	1
AGGACA	ENSMUSG00000026728	1
AGGACA	ENSMUSG00000027304	1
AGGACA	ENSMUSG00000028126	1
AGGACA	ENSMUSG00000028759	1
AGGACA	ENSMUSG00000029580	1
AGGACA	ENSMUSG00000031765	1
AGGACA	ENSMUSG00000037788	1
AGGACA	ENSMUSG00000039414	1
AGGACA	ENSMUSG00000041483	1
AGGACA	ENSMUSG00000043279	1
AGGACA	ENSMUSG00000051391	1
AGGACA	ENSMUSG00000069565	1
AGGACA	ENSMUSG00000075014	1
AGGACA	ENSMUSG00000099764	1
AGGACA	NA	34
AGGATC	ENSMUSG00000018593	1
AGGATC	ENSMUSG00000022816	1
AGGATC	ENSMUSG00000025404	1
AGGATC	ENSMUSG00000025809	1
AGGATC	ENSMUSG00000026043	1
AGGATC	ENSMUSG00000026701	1
AGGATC	ENSMUSG00000026826	1
AGGATC	ENSMUSG00000028906	1
AGGATC	ENSMUSG00000029634	1
AGGATC	ENSMUSG00000029761	1
AGGATC	ENSMUSG00000035385	1
AGGATC	ENSMUSG00000036158	1
AGGATC	ENSMUSG00000064339	1
AGGATC	ENSMUSG00000064363	1
AGGATC	ENSMUSG00000072235	2
AGGATC	NA	3
AGGCTA	NA	1
AGTACC	NA	1
AGTAGG	NA	1
AGTGCA	ENSMUSG00000026728	1
AGTGCA	NA	3
AGTGTC	ENSMUSG00000038538	1
AGTGTC	NA	2
ATACGG	NA	1
ATCACG	ENSMUSG00000000275	1
ATCACG	ENSMUSG00000001666	1
ATCACG	ENSMUSG00000003382	1
ATCACG	ENSMUSG00000007987	1
ATCACG	ENSMUSG00000018501	1
ATCACG	ENSMUSG00000021268	1
ATCACG	ENSMUSG00000022462	1
ATCACG	ENSMUSG00000026014	1
ATCACG	ENSMUSG00000026509	1
ATCACG	ENSMUSG00000028522	1
ATCACG	ENSMUSG00000029106	1
ATCACG	ENSMUSG00000030538	1
ATCACG	ENSMUSG00000030605	1
ATCACG	ENSMUSG00000040605	1
ATCACG	ENSMUSG00000042677	1
ATCACG	ENSMUSG00000059921	1
ATCACG	ENSMUSG00000061477	1
ATCACG	ENSMUSG00000064337	1
ATCACG	ENSMUSG00000064339	2
ATCACG	ENSMUSG00000064367	1
ATCACG	ENSMUSG00000064368	1
ATCACG	ENSMUSG00000075014	17
ATCACG	ENSMUSG00000075015	4
ATCACG	ENSMUSG00000079614	1
ATCACG	ENSMUSG00000090862	1
ATCACG	ENSMUSG00000091028	1
ATCACG	ENSMUSG00000095891	1
ATCACG	ENSMUSG00000097451	1
ATCACG	NA	71
ATCAGC	NA	1
ATCCAC	ENSMUSG00000047213	1
ATCCAC	NA	1
ATCCGA	ENSMUSG00000055447	1
ATCCGA	NA	1
ATCGCA	NA	1
ATCGTG	NA	1
ATCTCC	NA	1
ATGACC	NA	1
ATGAGG	NA	1
ATGCAG	NA	1
ATGCTC	NA	1
ATGGAC	NA	1
ATGTCG	ENSMUSG00000017778	1
ATGTCG	ENSMUSG00000019087	1
ATGTCG	ENSMUSG00000039852	1
ATGTCG	ENSMUSG00000043716	1
ATGTCG	ENSMUSG00000062328	1
ATGTCG	ENSMUSG00000067288	1
ATGTCG	NA	6
ATTCGC	NA	1
ATTGCG	NA	1
CAATGC	NA	2
CACCAA	ENSMUSG00000003746	1
CACCAA	ENSMUSG00000009013	1
CACCAA	ENSMUSG00000020612	1
CACCAA	ENSMUSG00000028530	1
CACCAA	ENSMUSG00000029661	1
CACCAA	ENSMUSG00000030647	1
CACCAA	ENSMUSG00000031996	1
CACCAA	ENSMUSG00000032216	1
CACCAA	ENSMUSG00000032399	1
CACCAA	ENSMUSG00000035385	2
CACCAA	ENSMUSG00000040747	1
CACCAA	ENSMUSG00000047213	1
CACCAA	ENSMUSG00000051502	1
CACCAA	ENSMUSG00000054693	1
CACCAA	ENSMUSG00000064337	2
CACCAA	ENSMUSG00000064339	1
CACCAA	ENSMUSG00000064345	1
CACCAA	ENSMUSG00000075014	1
CACCAA	ENSMUSG00000087006	1
CACCAA	NA	42
CACGTA	NA	1
CACTCA	NA	10
CACTTC	ENSMUSG00000005087	1
CACTTC	ENSMUSG00000030209	1
CACTTC	ENSMUSG00000044894	1
CACTTC	ENSMUSG00000090112	1
CACTTC	NA	12
CAGAAG	ENSMUSG00000010045	1
CAGAAG	ENSMUSG00000020460	1
CAGAAG	ENSMUSG00000020700	1
CAGAAG	ENSMUSG00000024014	1
CAGAAG	ENSMUSG00000024359	1
CAGAAG	ENSMUSG00000030967	1
CAGAAG	ENSMUSG00000032399	1
CAGAAG	ENSMUSG00000034850	1
CAGAAG	ENSMUSG00000058318	1
CAGAAG	ENSMUSG00000064368	1
CAGAAG	ENSMUSG00000071415	1
CAGAAG	NA	8
CAGGAA	NA	1
CATGCA	ENSMUSG00000041453	1
CATGCA	NA	2
CATGTC	ENSMUSG00000056153	1
CATGTC	NA	28
CATTGG	NA	1
CCAATC	NA	1
CCACAA	ENSMUSG00000024912	1
CCACAA	ENSMUSG00000030499	1
CCACAA	NA	2
CCAGTA	NA	1
CCATAG	NA	3
CCATCA	NA	1
CCGATA	ENSMUSG00000072893	1
CCGATA	ENSMUSG00000095280	1
CCGATA	NA	1
CCGTAA	NA	1
CCTACA	NA	1
CCTATG	NA	1
CCTGAA	ENSMUSG00000064339	1
CCTGAA	NA	1
CCTTGA	NA	1
CGAACA	NA	1
CGATGA	ENSMUSG00000006740	1
CGATGA	ENSMUSG00000015305	1
CGATGA	ENSMUSG00000018593	2
CGATGA	ENSMUSG00000019087	1
CGATGA	ENSMUSG00000020064	1
CGATGA	ENSMUSG00000020349	1
CGATGA	ENSMUSG00000020922	1
CGATGA	ENSMUSG00000021282	1
CGATGA	ENSMUSG00000022665	1
CGATGA	ENSMUSG00000023078	1
CGATGA	ENSMUSG00000025492	1
CGATGA	ENSMUSG00000026043	1
CGATGA	ENSMUSG00000026104	1
CGATGA	ENSMUSG00000027864	1
CGATGA	ENSMUSG00000028771	1
CGATGA	ENSMUSG00000029004	1
CGATGA	ENSMUSG00000029380	1
CGATGA	ENSMUSG00000029647	1
CGATGA	ENSMUSG00000029657	1
CGATGA	ENSMUSG00000030652	1
CGATGA	ENSMUSG00000031229	1
CGATGA	ENSMUSG00000031232	1
CGATGA	ENSMUSG00000031818	1
CGATGA	ENSMUSG00000033392	1
CGATGA	ENSMUSG00000033578	1
CGATGA	ENSMUSG00000034021	1
CGATGA	ENSMUSG00000034832	1
CGATGA	ENSMUSG00000037960	1
CGATGA	ENSMUSG00000038418	1
CGATGA	ENSMUSG00000038521	1
CGATGA	ENSMUSG00000038886	1
CGATGA	ENSMUSG00000041168	1
CGATGA	ENSMUSG00000042284	1
CGATGA	ENSMUSG00000042328	1
CGATGA	ENSMUSG00000048126	1
CGATGA	ENSMUSG00000049969	1
CGATGA	ENSMUSG00000050912	1
CGATGA	ENSMUSG00000053094	1
CGATGA	ENSMUSG00000058558	1
CGATGA	ENSMUSG00000059291	1
CGATGA	ENSMUSG00000064345	1
CGATGA	ENSMUSG00000064368	1
CGATGA	ENSMUSG00000064370	1
CGATGA	ENSMUSG00000064372	1
CGATGA	ENSMUSG00000075014	9
CGATGA	ENSMUSG00000075015	2
CGATGA	ENSMUSG00000075256	1
CGATGA	ENSMUSG00000078908	1
CGATGA	ENSMUSG00000083621	1
CGATGA	ENSMUSG00000091028	1
CGATGA	NA	53
CGATTG	ENSMUSG00000001506	1
CGATTG	ENSMUSG00000019929	1
CGATTG	ENSMUSG00000035385	1
CGATTG	ENSMUSG00000060019	1
CGATTG	ENSMUSG00000064339	1
CGATTG	ENSMUSG00000064363	1
CGATTG	ENSMUSG00000064367	1
CGATTG	ENSMUSG00000064370	1
CGATTG	NA	9
CGCATA	NA	1
CGCTAA	NA	1
CGGTTA	NA	1
CGTAAG	NA	1
CGTCTA	NA	2
CGTTAC	NA	1
CGTTCA	NA	1
CTAACG	NA	1
CTAAGC	ENSMUSG00000005087	1
CTAAGC	ENSMUSG00000005125	1
CTAAGC	ENSMUSG00000007646	1
CTAAGC	ENSMUSG00000009927	1
CTAAGC	ENSMUSG00000018593	1
CTAAGC	ENSMUSG00000019846	1
CTAAGC	ENSMUSG00000020241	2
CTAAGC	ENSMUSG00000020863	1
CTAAGC	ENSMUSG00000021327	1
CTAAGC	ENSMUSG00000021957	1
CTAAGC	ENSMUSG00000022108	1
CTAAGC	ENSMUSG00000025784	1
CTAAGC	ENSMUSG00000026043	2
CTAAGC	ENSMUSG00000026483	1
CTAAGC	ENSMUSG00000027422	1
CTAAGC	ENSMUSG00000027613	1
CTAAGC	ENSMUSG00000027673	1
CTAAGC	ENSMUSG00000028234	2
CTAAGC	ENSMUSG00000028333	1
CTAAGC	ENSMUSG00000028672	1
CTAAGC	ENSMUSG00000029062	1
CTAAGC	ENSMUSG00000029661	2
CTAAGC	ENSMUSG00000029810	1
CTAAGC	ENSMUSG00000030695	1
CTAAGC	ENSMUSG00000031239	1
CTAAGC	ENSMUSG00000031765	1
CTAAGC	ENSMUSG00000032481	1
CTAAGC	ENSMUSG00000034271	1
CTAAGC	ENSMUSG00000039001	1
CTAAGC	ENSMUSG00000039844	1
CTAAGC	ENSMUSG00000040856	1
CTAAGC	ENSMUSG00000042659	1
CTAAGC	ENSMUSG00000047719	1
CTAAGC	ENSMUSG00000047921	1
CTAAGC	ENSMUSG00000058135	1
CTAAGC	ENSMUSG00000058558	1
CTAAGC	ENSMUSG00000060802	1
CTAAGC	ENSMUSG00000063457	1
CTAAGC	ENSMUSG00000064341	1
CTAAGC	ENSMUSG00000064370	1
CTAAGC	ENSMUSG00000079435	1
CTAAGC	NA	11
CTAGAC	ENSMUSG00000000031	1
CTAGAC	ENSMUSG00000004043	1
CTAGAC	ENSMUSG00000004347	1
CTAGAC	ENSMUSG00000009112	1
CTAGAC	ENSMUSG00000015599	1
CTAGAC	ENSMUSG00000019370	1
CTAGAC	ENSMUSG00000020366	1
CTAGAC	ENSMUSG00000021268	1
CTAGAC	ENSMUSG00000022607	1
CTAGAC	ENSMUSG00000024393	1
CTAGAC	ENSMUSG00000024949	1
CTAGAC	ENSMUSG00000025228	1
CTAGAC	ENSMUSG00000025532	1
CTAGAC	ENSMUSG00000026864	1
CTAGAC	ENSMUSG00000027184	1
CTAGAC	ENSMUSG00000027750	1
CTAGAC	ENSMUSG00000029122	1
CTAGAC	ENSMUSG00000029580	1
CTAGAC	ENSMUSG00000030272	1
CTAGAC	ENSMUSG00000030744	2
CTAGAC	ENSMUSG00000030942	1
CTAGAC	ENSMUSG00000036782	1
CTAGAC	ENSMUSG00000038065	1
CTAGAC	ENSMUSG00000038774	1
CTAGAC	ENSMUSG00000039201	1
CTAGAC	ENSMUSG00000039653	1
CTAGAC	ENSMUSG00000039911	2
CTAGAC	ENSMUSG00000041297	1
CTAGAC	ENSMUSG00000043342	1
CTAGAC	ENSMUSG00000054823	1
CTAGAC	ENSMUSG00000056749	1
CTAGAC	ENSMUSG00000058558	1
CTAGAC	ENSMUSG00000059070	1
CTAGAC	ENSMUSG00000059439	1
CTAGAC	ENSMUSG00000061983	1
CTAGAC	ENSMUSG00000064337	1
CTAGAC	ENSMUSG00000064339	2
CTAGAC	ENSMUSG00000064368	2
CTAGAC	ENSMUSG00000066324	1
CTAGAC	ENSMUSG00000068522	1
CTAGAC	ENSMUSG00000075014	18
CTAGAC	ENSMUSG00000075015	2
CTAGAC	ENSMUSG00000096497	1
CTAGAC	ENSMUSG00000106820	1
CTAGAC	NA	115
CTAGGA	ENSMUSG00000005312	1
CTAGGA	ENSMUSG00000020571	1
CTAGGA	ENSMUSG00000022710	1
CTAGGA	ENSMUSG00000025967	1
CTAGGA	ENSMUSG00000027011	1
CTAGGA	ENSMUSG00000028128	1
CTAGGA	ENSMUSG00000029380	1
CTAGGA	ENSMUSG00000029580	1
CTAGGA	ENSMUSG00000035299	1
CTAGGA	ENSMUSG00000036499	1
CTAGGA	ENSMUSG00000052534	1
CTAGGA	ENSMUSG00000055044	1
CTAGGA	ENSMUSG00000057329	1
CTAGGA	ENSMUSG00000059291	1
CTAGGA	ENSMUSG00000062210	1
CTAGGA	ENSMUSG00000064363	1
CTAGGA	ENSMUSG00000064368	1
CTAGGA	ENSMUSG00000064370	1
CTAGGA	ENSMUSG00000075014	3
CTAGGA	ENSMUSG00000075015	1
CTAGGA	ENSMUSG00000095280	1
CTAGGA	ENSMUSG00000098557	1
CTAGGA	NA	54
CTAGTG	NA	2
CTATCC	ENSMUSG00000022816	1
CTATCC	ENSMUSG00000024014	1
CTATCC	ENSMUSG00000025362	1
CTATCC	ENSMUSG00000029580	1
CTATCC	ENSMUSG00000032897	1
CTATCC	ENSMUSG00000033918	1
CTATCC	ENSMUSG00000035354	1
CTATCC	ENSMUSG00000035385	1
CTATCC	ENSMUSG00000059866	1
CTATCC	ENSMUSG00000064337	1
CTATCC	ENSMUSG00000066324	1
CTATCC	ENSMUSG00000070493	1
CTATCC	NA	12
CTCAGA	ENSMUSG00000000031	4
CTCAGA	ENSMUSG00000001506	1
CTCAGA	ENSMUSG00000001911	1
CTCAGA	ENSMUSG00000002265	1
CTCAGA	ENSMUSG00000003545	1
CTCAGA	ENSMUSG00000004105	1
CTCAGA	ENSMUSG00000007817	1
CTCAGA	ENSMUSG00000016256	1
CTCAGA	ENSMUSG00000019877	1
CTCAGA	ENSMUSG00000020935	1
CTCAGA	ENSMUSG00000020936	1
CTCAGA	ENSMUSG00000021428	1
CTCAGA	ENSMUSG00000021431	1
CTCAGA	ENSMUSG00000021840	1
CTCAGA	ENSMUSG00000021877	1
CTCAGA	ENSMUSG00000022186	1
CTCAGA	ENSMUSG00000025195	1
CTCAGA	ENSMUSG00000025204	1
CTCAGA	ENSMUSG00000025351	1
CTCAGA	ENSMUSG00000026043	1
CTCAGA	ENSMUSG00000026421	1
CTCAGA	ENSMUSG00000027318	1
CTCAGA	ENSMUSG00000028771	1
CTCAGA	ENSMUSG00000029661	1
CTCAGA	ENSMUSG00000030255	1
CTCAGA	ENSMUSG00000030521	1
CTCAGA	ENSMUSG00000031792	1
CTCAGA	ENSMUSG00000032212	1
CTCAGA	ENSMUSG00000032330	1
CTCAGA	ENSMUSG00000032806	1
CTCAGA	ENSMUSG00000034424	1
CTCAGA	ENSMUSG00000035385	1
CTCAGA	ENSMUSG00000037331	1
CTCAGA	ENSMUSG00000038014	1
CTCAGA	ENSMUSG00000038143	1
CTCAGA	ENSMUSG00000040856	1
CTCAGA	ENSMUSG00000041697	1
CTCAGA	ENSMUSG00000041769	1
CTCAGA	ENSMUSG00000043716	1
CTCAGA	ENSMUSG00000048126	1
CTCAGA	ENSMUSG00000051790	1
CTCAGA	ENSMUSG00000055302	1
CTCAGA	ENSMUSG00000056972	1
CTCAGA	ENSMUSG00000057738	1
CTCAGA	ENSMUSG00000058558	1
CTCAGA	ENSMUSG00000064339	3
CTCAGA	ENSMUSG00000064363	1
CTCAGA	ENSMUSG00000064368	3
CTCAGA	ENSMUSG00000073155	1
CTCAGA	ENSMUSG00000075014	1
CTCAGA	ENSMUSG00000078920	1
CTCAGA	ENSMUSG00000090733	1
CTCAGA	ENSMUSG00000097008	1
CTCAGA	ENSMUSG00000113561	1
CTCAGA	NA	37
CTCATG	NA	4
CTCGAA	NA	1
CTGCTA	NA	1
CTGTTG	ENSMUSG00000002844	1
CTGTTG	ENSMUSG00000007836	1
CTGTTG	ENSMUSG00000016528	1
CTGTTG	ENSMUSG00000020241	1
CTGTTG	ENSMUSG00000022174	1
CTGTTG	ENSMUSG00000024912	1
CTGTTG	ENSMUSG00000025034	1
CTGTTG	ENSMUSG00000025173	1
CTGTTG	ENSMUSG00000025290	1
CTGTTG	ENSMUSG00000025362	1
CTGTTG	ENSMUSG00000025780	1
CTGTTG	ENSMUSG00000026887	1
CTGTTG	ENSMUSG00000028221	1
CTGTTG	ENSMUSG00000028790	1
CTGTTG	ENSMUSG00000029661	1
CTGTTG	ENSMUSG00000031545	1
CTGTTG	ENSMUSG00000048126	1
CTGTTG	ENSMUSG00000053094	1
CTGTTG	ENSMUSG00000064339	1
CTGTTG	ENSMUSG00000064363	1
CTGTTG	ENSMUSG00000068917	1
CTGTTG	ENSMUSG00000078193	1
CTGTTG	ENSMUSG00000098557	1
CTGTTG	NA	11
CTTCGA	ENSMUSG00000024921	1
CTTCGA	ENSMUSG00000030189	1
CTTCGA	ENSMUSG00000046402	1
CTTCGA	ENSMUSG00000066150	1
CTTCGA	NA	10
GAAGAC	ENSMUSG00000026043	1
GAAGAC	ENSMUSG00000075014	1
GAAGAC	NA	1
GAAGGA	ENSMUSG00000035351	1
GAAGGA	ENSMUSG00000074564	1
GAAGGA	NA	1
GAATCC	ENSMUSG00000003545	1
GAATCC	ENSMUSG00000005510	1
GAATCC	ENSMUSG00000018593	1
GAATCC	ENSMUSG00000019929	1
GAATCC	ENSMUSG00000021127	2
GAATCC	ENSMUSG00000022283	1
GAATCC	ENSMUSG00000025362	1
GAATCC	ENSMUSG00000026864	1
GAATCC	ENSMUSG00000029580	1
GAATCC	ENSMUSG00000031605	1
GAATCC	ENSMUSG00000035835	1
GAATCC	ENSMUSG00000037149	1
GAATCC	ENSMUSG00000037573	1
GAATCC	ENSMUSG00000037742	1
GAATCC	ENSMUSG00000038416	1
GAATCC	ENSMUSG00000040177	1
GAATCC	ENSMUSG00000063457	1
GAATCC	ENSMUSG00000064339	2
GAATCC	ENSMUSG00000064368	1
GAATCC	ENSMUSG00000066443	1
GAATCC	ENSMUSG00000069729	1
GAATCC	ENSMUSG00000070939	1
GAATCC	ENSMUSG00000075014	5
GAATCC	ENSMUSG00000081926	1
GAATCC	ENSMUSG00000095186	1
GAATCC	ENSMUSG00000095280	1
GAATCC	ENSMUSG00000095547	1
GAATCC	NA	37
GAATGG	ENSMUSG00000000078	1
GAATGG	ENSMUSG00000001025	1
GAATGG	ENSMUSG00000002010	1
GAATGG	ENSMUSG00000003233	1
GAATGG	ENSMUSG00000003545	1
GAATGG	ENSMUSG00000013833	1
GAATGG	ENSMUSG00000015759	1
GAATGG	ENSMUSG00000016918	1
GAATGG	ENSMUSG00000018593	1
GAATGG	ENSMUSG00000018882	1
GAATGG	ENSMUSG00000019929	2
GAATGG	ENSMUSG00000020641	1
GAATGG	ENSMUSG00000021270	1
GAATGG	ENSMUSG00000021285	1
GAATGG	ENSMUSG00000022124	1
GAATGG	ENSMUSG00000022812	1
GAATGG	ENSMUSG00000022816	1
GAATGG	ENSMUSG00000023078	1
GAATGG	ENSMUSG00000024640	1
GAATGG	ENSMUSG00000024921	1
GAATGG	ENSMUSG00000025290	1
GAATGG	ENSMUSG00000026158	1
GAATGG	ENSMUSG00000027304	1
GAATGG	ENSMUSG00000028063	1
GAATGG	ENSMUSG00000028234	1
GAATGG	ENSMUSG00000029106	1
GAATGG	ENSMUSG00000029676	1
GAATGG	ENSMUSG00000031740	1
GAATGG	ENSMUSG00000031754	1
GAATGG	ENSMUSG00000032399	1
GAATGG	ENSMUSG00000041481	1
GAATGG	ENSMUSG00000041571	1
GAATGG	ENSMUSG00000042312	1
GAATGG	ENSMUSG00000042323	1
GAATGG	ENSMUSG00000042622	1
GAATGG	ENSMUSG00000045763	1
GAATGG	ENSMUSG00000055531	1
GAATGG	ENSMUSG00000056941	1
GAATGG	ENSMUSG00000064339	2
GAATGG	ENSMUSG00000064363	1
GAATGG	ENSMUSG00000064368	2
GAATGG	ENSMUSG00000064370	2
GAATGG	ENSMUSG00000066113	1
GAATGG	ENSMUSG00000068220	1
GAATGG	ENSMUSG00000069662	1
GAATGG	ENSMUSG00000070544	1
GAATGG	ENSMUSG00000075014	9
GAATGG	ENSMUSG00000075015	1
GAATGG	ENSMUSG00000087413	1
GAATGG	ENSMUSG00000095280	1
GAATGG	ENSMUSG00000105071	1
GAATGG	ENSMUSG00000106864	1
GAATGG	NA	51
GACAAC	ENSMUSG00000028405	1
GACAAC	ENSMUSG00000031799	1
GACAAC	ENSMUSG00000035385	1
GACAAC	ENSMUSG00000040152	1
GACAAC	ENSMUSG00000062456	1
GACAAC	ENSMUSG00000068122	1
GACAAC	ENSMUSG00000107176	1
GACAAC	NA	6
GACAGA	ENSMUSG00000026229	1
GACAGA	NA	2
GACGAA	ENSMUSG00000004846	1
GACGAA	ENSMUSG00000029661	1
GACGAA	ENSMUSG00000075014	2
GACGAA	ENSMUSG00000091337	1
GACGAA	ENSMUSG00000101609	1
GACGAA	NA	5
GAGCAA	NA	1
GAGGTA	NA	1
GAGTGA	NA	2
GAGTTG	ENSMUSG00000006818	1
GAGTTG	NA	3
GATACG	ENSMUSG00000014932	1
GATACG	ENSMUSG00000016921	1
GATACG	ENSMUSG00000017715	1
GATACG	ENSMUSG00000020439	1
GATACG	ENSMUSG00000021939	1
GATACG	ENSMUSG00000022883	1
GATACG	ENSMUSG00000024401	1
GATACG	ENSMUSG00000026374	1
GATACG	ENSMUSG00000027673	1
GATACG	ENSMUSG00000028771	1
GATACG	ENSMUSG00000029427	1
GATACG	ENSMUSG00000031511	1
GATACG	ENSMUSG00000032399	1
GATACG	ENSMUSG00000033228	1
GATACG	ENSMUSG00000034254	1
GATACG	ENSMUSG00000036256	1
GATACG	ENSMUSG00000041278	1
GATACG	ENSMUSG00000041870	1
GATACG	ENSMUSG00000041936	1
GATACG	ENSMUSG00000042590	1
GATACG	ENSMUSG00000046707	1
GATACG	ENSMUSG00000050953	1
GATACG	ENSMUSG00000055435	1
GATACG	ENSMUSG00000059588	1
GATACG	ENSMUSG00000064337	1
GATACG	ENSMUSG00000064341	1
GATACG	ENSMUSG00000064367	1
GATACG	ENSMUSG00000064368	3
GATACG	ENSMUSG00000074748	1
GATACG	ENSMUSG00000075014	6
GATACG	ENSMUSG00000075015	1
GATACG	ENSMUSG00000095891	1
GATACG	ENSMUSG00000096210	1
GATACG	NA	37
GATCGA	ENSMUSG00000001707	1
GATCGA	ENSMUSG00000002985	1
GATCGA	ENSMUSG00000004040	1
GATCGA	ENSMUSG00000017677	1
GATCGA	ENSMUSG00000018398	1
GATCGA	ENSMUSG00000019877	1
GATCGA	ENSMUSG00000023224	1
GATCGA	ENSMUSG00000025486	1
GATCGA	ENSMUSG00000025580	1
GATCGA	ENSMUSG00000025982	1
GATCGA	ENSMUSG00000026275	1
GATCGA	ENSMUSG00000027900	1
GATCGA	ENSMUSG00000027998	1
GATCGA	ENSMUSG00000028081	1
GATCGA	ENSMUSG00000028820	1
GATCGA	ENSMUSG00000029380	1
GATCGA	ENSMUSG00000029580	1
GATCGA	ENSMUSG00000030120	1
GATCGA	ENSMUSG00000040152	1
GATCGA	ENSMUSG00000040856	1
GATCGA	ENSMUSG00000042772	1
GATCGA	ENSMUSG00000053641	1
GATCGA	ENSMUSG00000064065	1
GATCGA	ENSMUSG00000064145	1
GATCGA	ENSMUSG00000064367	2
GATCGA	ENSMUSG00000064368	1
GATCGA	ENSMUSG00000071415	2
GATCGA	ENSMUSG00000075014	4
GATCGA	ENSMUSG00000075015	3
GATCGA	ENSMUSG00000095280	2
GATCGA	ENSMUSG00000116858	1
GATCGA	NA	68
GATCTG	ENSMUSG00000026254	1
GATTGC	ENSMUSG00000064370	1
GCAACA	ENSMUSG00000103052	1
GCAACA	NA	6
GCAATG	NA	1
GCAGAA	NA	1
GCATGA	NA	1
GCATTC	ENSMUSG00000075014	1
GCATTC	NA	2
GCCATA	NA	1
GCGTTA	ENSMUSG00000048758	1
GCTAAG	NA	1
GCTCTA	NA	1
GCTTAC	NA	1
GCTTCA	NA	1
GGAATC	ENSMUSG00000037824	1
GGACAA	ENSMUSG00000029661	2
GGACAA	ENSMUSG00000031502	1
GGACAA	ENSMUSG00000035356	1
GGACAA	ENSMUSG00000039221	1
GGACAA	ENSMUSG00000039680	1
GGACAA	ENSMUSG00000050332	1
GGACAA	ENSMUSG00000053641	1
GGACAA	ENSMUSG00000055447	1
GGACAA	ENSMUSG00000064339	1
GGACAA	ENSMUSG00000064363	1
GGACAA	ENSMUSG00000075014	2
GGACAA	NA	15
GGATAC	NA	1
GGATCA	NA	1
GGCTTA	NA	1
GGTAAC	ENSMUSG00000016918	1
GGTAAC	ENSMUSG00000018593	1
GGTAAC	ENSMUSG00000020608	1
GGTAAC	ENSMUSG00000021096	1
GGTAAC	ENSMUSG00000022148	1
GGTAAC	ENSMUSG00000025950	1
GGTAAC	ENSMUSG00000029104	1
GGTAAC	ENSMUSG00000029580	1
GGTAAC	ENSMUSG00000030180	1
GGTAAC	ENSMUSG00000032216	1
GGTAAC	ENSMUSG00000034544	1
GGTAAC	ENSMUSG00000037577	1
GGTAAC	ENSMUSG00000040479	1
GGTAAC	ENSMUSG00000044148	1
GGTAAC	ENSMUSG00000050234	1
GGTAAC	ENSMUSG00000050315	1
GGTAAC	ENSMUSG00000056492	1
GGTAAC	ENSMUSG00000059070	1
GGTAAC	ENSMUSG00000061232	1
GGTAAC	ENSMUSG00000064339	1
GGTAAC	ENSMUSG00000074564	1
GGTAAC	ENSMUSG00000075014	7
GGTAAC	ENSMUSG00000095891	2
GGTAAC	ENSMUSG00000104292	1
GGTAAC	NA	23
GGTAGA	ENSMUSG00000075014	1
GGTATG	NA	1
GGTGTA	NA	1
GGTTAG	NA	1
GTAACC	ENSMUSG00000028583	1
GTACAG	ENSMUSG00000031740	1
GTACAG	NA	2
GTACCA	ENSMUSG00000106106	1
GTACTC	ENSMUSG00000002105	1
GTACTC	ENSMUSG00000025290	1
GTACTC	ENSMUSG00000055839	1
GTACTC	NA	19
GTATCG	NA	1
GTATGC	NA	1
GTCTCA	ENSMUSG00000020372	1
GTCTCA	NA	13
GTGAAG	NA	1
GTGACA	ENSMUSG00000032966	1
GTGACA	ENSMUSG00000037072	1
GTGACA	NA	1
GTGATC	ENSMUSG00000002129	1
GTGATC	ENSMUSG00000002846	1
GTGATC	ENSMUSG00000013663	1
GTGATC	ENSMUSG00000017677	1
GTGATC	ENSMUSG00000017707	1
GTGATC	ENSMUSG00000018593	1
GTGATC	ENSMUSG00000019487	1
GTGATC	ENSMUSG00000019916	1
GTGATC	ENSMUSG00000019929	1
GTGATC	ENSMUSG00000020176	1
GTGATC	ENSMUSG00000020205	1
GTGATC	ENSMUSG00000020241	1
GTGATC	ENSMUSG00000021127	1
GTGATC	ENSMUSG00000024205	1
GTGATC	ENSMUSG00000026594	1
GTGATC	ENSMUSG00000026728	1
GTGATC	ENSMUSG00000027217	1
GTGATC	ENSMUSG00000027797	1
GTGATC	ENSMUSG00000028494	1
GTGATC	ENSMUSG00000028788	1
GTGATC	ENSMUSG00000029380	2
GTGATC	ENSMUSG00000029661	1
GTGATC	ENSMUSG00000029718	1
GTGATC	ENSMUSG00000031024	1
GTGATC	ENSMUSG00000032399	1
GTGATC	ENSMUSG00000033728	1
GTGATC	ENSMUSG00000033863	1
GTGATC	ENSMUSG00000034533	1
GTGATC	ENSMUSG00000034928	1
GTGATC	ENSMUSG00000037253	1
GTGATC	ENSMUSG00000039844	1
GTGATC	ENSMUSG00000039911	1
GTGATC	ENSMUSG00000040152	2
GTGATC	ENSMUSG00000040562	2
GTGATC	ENSMUSG00000041747	1
GTGATC	ENSMUSG00000042298	1
GTGATC	ENSMUSG00000043716	2
GTGATC	ENSMUSG00000045690	1
GTGATC	ENSMUSG00000047126	1
GTGATC	ENSMUSG00000050010	1
GTGATC	ENSMUSG00000052837	1
GTGATC	ENSMUSG00000053332	1
GTGATC	ENSMUSG00000053475	1
GTGATC	ENSMUSG00000054611	1
GTGATC	ENSMUSG00000055322	1
GTGATC	ENSMUSG00000064339	1
GTGATC	ENSMUSG00000064367	1
GTGATC	ENSMUSG00000064368	1
GTGATC	ENSMUSG00000069094	1
GTGATC	ENSMUSG00000075014	8
GTGATC	ENSMUSG00000079435	1
GTGATC	ENSMUSG00000111966	1
GTGATC	NA	77
GTGGAA	ENSMUSG00000059291	1
GTGGAA	ENSMUSG00000075014	1
GTGGAA	NA	3
GTTAGG	NA	1
GTTGAG	ENSMUSG00000007892	1
GTTGAG	ENSMUSG00000015839	1
GTTGAG	ENSMUSG00000018583	1
GTTGAG	ENSMUSG00000020363	1
GTTGAG	ENSMUSG00000020964	1
GTTGAG	ENSMUSG00000034928	1
GTTGAG	ENSMUSG00000049047	1
GTTGAG	ENSMUSG00000056537	1
GTTGAG	ENSMUSG00000075014	5
GTTGAG	ENSMUSG00000075015	1
GTTGAG	ENSMUSG00000083621	1
GTTGAG	ENSMUSG00000091028	1
GTTGAG	NA	38
TAACGG	NA	4
TACAGG	ENSMUSG00000015568	1
TACCAC	NA	1
TACCGA	NA	1
TACGCA	NA	1
TACTCC	NA	1
TAGCTC	NA	1
TAGGAC	ENSMUSG00000014303	1
TAGGAC	ENSMUSG00000014813	1
TAGGAC	ENSMUSG00000038521	1
TAGGAC	ENSMUSG00000040856	1
TAGGAC	ENSMUSG00000062300	1
TAGGAC	ENSMUSG00000064339	1
TAGGAC	ENSMUSG00000071415	1
TAGGAC	NA	14
TAGTGG	ENSMUSG00000000031	2
TAGTGG	ENSMUSG00000000346	1
TAGTGG	ENSMUSG00000000567	1
TAGTGG	ENSMUSG00000001794	1
TAGTGG	ENSMUSG00000012848	1
TAGTGG	ENSMUSG00000015733	1
TAGTGG	ENSMUSG00000020372	1
TAGTGG	ENSMUSG00000020638	1
TAGTGG	ENSMUSG00000022150	1
TAGTGG	ENSMUSG00000022816	1
TAGTGG	ENSMUSG00000022892	1
TAGTGG	ENSMUSG00000024044	1
TAGTGG	ENSMUSG00000024538	1
TAGTGG	ENSMUSG00000025133	1
TAGTGG	ENSMUSG00000025609	1
TAGTGG	ENSMUSG00000026335	1
TAGTGG	ENSMUSG00000026491	1
TAGTGG	ENSMUSG00000026851	1
TAGTGG	ENSMUSG00000026878	1
TAGTGG	ENSMUSG00000028163	1
TAGTGG	ENSMUSG00000028444	1
TAGTGG	ENSMUSG00000029661	2
TAGTGG	ENSMUSG00000030352	1
TAGTGG	ENSMUSG00000030595	1
TAGTGG	ENSMUSG00000031157	1
TAGTGG	ENSMUSG00000031347	1
TAGTGG	ENSMUSG00000032265	1
TAGTGG	ENSMUSG00000034544	1
TAGTGG	ENSMUSG00000035202	1
TAGTGG	ENSMUSG00000037465	1
TAGTGG	ENSMUSG00000037706	1
TAGTGG	ENSMUSG00000040254	1
TAGTGG	ENSMUSG00000040785	1
TAGTGG	ENSMUSG00000040856	1
TAGTGG	ENSMUSG00000042406	1
TAGTGG	ENSMUSG00000049489	1
TAGTGG	ENSMUSG00000054428	1
TAGTGG	ENSMUSG00000054720	1
TAGTGG	ENSMUSG00000055653	1
TAGTGG	ENSMUSG00000059534	1
TAGTGG	ENSMUSG00000064339	1
TAGTGG	ENSMUSG00000064351	1
TAGTGG	ENSMUSG00000064363	1
TAGTGG	ENSMUSG00000064368	1
TAGTGG	ENSMUSG00000064370	1
TAGTGG	ENSMUSG00000067336	1
TAGTGG	ENSMUSG00000068220	1
TAGTGG	ENSMUSG00000070604	1
TAGTGG	ENSMUSG00000075014	4
TAGTGG	ENSMUSG00000106106	1
TAGTGG	ENSMUSG00000110301	1
TAGTGG	NA	35
TATCCG	NA	1
TATCGC	NA	1
TCAACG	NA	1
TCACAG	NA	6
TCATCC	ENSMUSG00000001119	1
TCATCC	ENSMUSG00000018736	1
TCATCC	ENSMUSG00000020184	1
TCATCC	ENSMUSG00000020248	1
TCATCC	ENSMUSG00000020661	1
TCATCC	ENSMUSG00000021549	1
TCATCC	ENSMUSG00000021957	1
TCATCC	ENSMUSG00000022114	1
TCATCC	ENSMUSG00000022403	1
TCATCC	ENSMUSG00000024844	1
TCATCC	ENSMUSG00000025006	1
TCATCC	ENSMUSG00000025290	1
TCATCC	ENSMUSG00000025351	1
TCATCC	ENSMUSG00000026087	1
TCATCC	ENSMUSG00000027184	1
TCATCC	ENSMUSG00000027746	1
TCATCC	ENSMUSG00000027797	1
TCATCC	ENSMUSG00000027875	1
TCATCC	ENSMUSG00000028936	1
TCATCC	ENSMUSG00000030086	1
TCATCC	ENSMUSG00000030432	1
TCATCC	ENSMUSG00000031987	1
TCATCC	ENSMUSG00000032231	1
TCATCC	ENSMUSG00000032263	1
TCATCC	ENSMUSG00000033585	1
TCATCC	ENSMUSG00000035354	1
TCATCC	ENSMUSG00000041515	1
TCATCC	ENSMUSG00000042423	1
TCATCC	ENSMUSG00000044043	1
TCATCC	ENSMUSG00000046330	1
TCATCC	ENSMUSG00000046756	1
TCATCC	ENSMUSG00000048126	1
TCATCC	ENSMUSG00000050708	1
TCATCC	ENSMUSG00000053007	1
TCATCC	ENSMUSG00000058558	1
TCATCC	ENSMUSG00000059022	1
TCATCC	ENSMUSG00000064339	1
TCATCC	ENSMUSG00000064370	1
TCATCC	ENSMUSG00000068115	1
TCATCC	ENSMUSG00000075014	1
TCATCC	ENSMUSG00000095891	1
TCATCC	NA	51
TCCGAA	ENSMUSG00000006333	1
TCCGAA	ENSMUSG00000007850	1
TCCGAA	ENSMUSG00000012848	1
TCCGAA	ENSMUSG00000021127	2
TCCGAA	ENSMUSG00000021385	1
TCCGAA	ENSMUSG00000025162	1
TCCGAA	ENSMUSG00000027239	1
TCCGAA	ENSMUSG00000028495	1
TCCGAA	ENSMUSG00000028822	1
TCCGAA	ENSMUSG00000029580	1
TCCGAA	ENSMUSG00000030432	1
TCCGAA	ENSMUSG00000030647	1
TCCGAA	ENSMUSG00000033106	1
TCCGAA	ENSMUSG00000034152	1
TCCGAA	ENSMUSG00000039568	1
TCCGAA	ENSMUSG00000042035	1
TCCGAA	ENSMUSG00000055436	1
TCCGAA	ENSMUSG00000060126	1
TCCGAA	ENSMUSG00000060373	1
TCCGAA	ENSMUSG00000060802	1
TCCGAA	ENSMUSG00000064339	3
TCCGAA	ENSMUSG00000064351	1
TCCGAA	ENSMUSG00000064363	1
TCCGAA	ENSMUSG00000064368	1
TCCGAA	ENSMUSG00000068220	1
TCCGAA	ENSMUSG00000069662	1
TCCGAA	ENSMUSG00000075014	7
TCCGAA	ENSMUSG00000075015	1
TCCGAA	ENSMUSG00000091028	1
TCCGAA	ENSMUSG00000095186	1
TCCGAA	ENSMUSG00000095891	1
TCCGAA	NA	57
TCTAGG	ENSMUSG00000021127	1
TCTTGC	ENSMUSG00000029247	1
TCTTGC	ENSMUSG00000029380	1
TCTTGC	ENSMUSG00000035385	1
TCTTGC	NA	2
TGAACC	ENSMUSG00000008475	1
TGAACC	ENSMUSG00000012405	1
TGAACC	ENSMUSG00000014470	1
TGAACC	ENSMUSG00000018326	1
TGAACC	ENSMUSG00000021127	2
TGAACC	ENSMUSG00000022521	1
TGAACC	ENSMUSG00000023022	1
TGAACC	ENSMUSG00000024576	1
TGAACC	ENSMUSG00000024835	1
TGAACC	ENSMUSG00000025066	1
TGAACC	ENSMUSG00000025491	1
TGAACC	ENSMUSG00000026553	1
TGAACC	ENSMUSG00000028289	1
TGAACC	ENSMUSG00000028431	1
TGAACC	ENSMUSG00000028565	1
TGAACC	ENSMUSG00000028820	1
TGAACC	ENSMUSG00000028906	1
TGAACC	ENSMUSG00000030878	1
TGAACC	ENSMUSG00000031753	1
TGAACC	ENSMUSG00000036644	1
TGAACC	ENSMUSG00000037174	1
TGAACC	ENSMUSG00000038305	1
TGAACC	ENSMUSG00000040856	2
TGAACC	ENSMUSG00000044786	1
TGAACC	ENSMUSG00000047996	1
TGAACC	ENSMUSG00000051855	1
TGAACC	ENSMUSG00000055044	1
TGAACC	ENSMUSG00000056972	1
TGAACC	ENSMUSG00000059447	1
TGAACC	ENSMUSG00000062580	1
TGAACC	ENSMUSG00000064339	3
TGAACC	ENSMUSG00000064363	1
TGAACC	ENSMUSG00000064368	2
TGAACC	ENSMUSG00000067780	1
TGAACC	ENSMUSG00000070436	1
TGAACC	ENSMUSG00000073155	1
TGAACC	ENSMUSG00000073557	1
TGAACC	ENSMUSG00000075014	8
TGAACC	ENSMUSG00000075015	1
TGAACC	ENSMUSG00000090733	1
TGAACC	ENSMUSG00000095280	1
TGAACC	NA	46
TGAAGG	ENSMUSG00000006931	1
TGAAGG	ENSMUSG00000009418	1
TGAAGG	ENSMUSG00000020368	2
TGAAGG	ENSMUSG00000021417	1
TGAAGG	ENSMUSG00000023078	1
TGAAGG	ENSMUSG00000024908	1
TGAAGG	ENSMUSG00000025503	1
TGAAGG	ENSMUSG00000028124	1
TGAAGG	ENSMUSG00000029082	1
TGAAGG	ENSMUSG00000029810	1
TGAAGG	ENSMUSG00000030759	1
TGAAGG	ENSMUSG00000032841	1
TGAAGG	ENSMUSG00000047215	1
TGAAGG	ENSMUSG00000052516	1
TGAAGG	ENSMUSG00000064337	1
TGAAGG	ENSMUSG00000064368	2
TGAAGG	ENSMUSG00000071657	1
TGAAGG	ENSMUSG00000100215	1
TGAAGG	NA	71
TGAGGA	ENSMUSG00000020176	1
TGAGGA	ENSMUSG00000022961	1
TGAGGA	ENSMUSG00000026879	1
TGAGGA	ENSMUSG00000028358	1
TGAGGA	ENSMUSG00000029178	1
TGAGGA	ENSMUSG00000030541	1
TGAGGA	ENSMUSG00000064363	1
TGAGGA	ENSMUSG00000075014	1
TGAGGA	NA	23
TGATCG	ENSMUSG00000021748	1
TGCAAC	ENSMUSG00000024588	1
TGCAAC	ENSMUSG00000030704	1
TGCAAC	ENSMUSG00000075014	1
TGCAAC	NA	2
TGCAGA	ENSMUSG00000026670	1
TGGTGA	ENSMUSG00000040152	1
TGGTGA	ENSMUSG00000075014	1
TGGTGA	ENSMUSG00000111966	1
TGGTGA	NA	6
TGGTTG	ENSMUSG00000022708	1
TGGTTG	ENSMUSG00000059995	1
TGGTTG	ENSMUSG00000075014	2
TGGTTG	NA	32
TGTACG	ENSMUSG00000028273	1
TGTACG	ENSMUSG00000090942	1
TGTACG	NA	1
TGTAGC	NA	1
TGTCGA	ENSMUSG00000020372	1
TGTCGA	ENSMUSG00000021327	1
TGTCGA	ENSMUSG00000025534	1
TGTCGA	ENSMUSG00000027737	1
TGTCGA	ENSMUSG00000035671	1
TGTCGA	ENSMUSG00000075014	2
TGTCGA	ENSMUSG00000116564	1
TGTCGA	NA	15
TGTCTG	ENSMUSG00000002797	1
TGTCTG	ENSMUSG00000064339	1
TGTCTG	NA	1
TGTTCC	NA	1
TGTTGG	ENSMUSG00000069662	1
TGTTGG	NA	1
TTACGC	NA	1
TTCACC	NA	1
TTCCAG	ENSMUSG00000001525	1
TTCCAG	ENSMUSG00000007097	1
TTCCAG	ENSMUSG00000009585	1
TTCCAG	ENSMUSG00000018593	1
TTCCAG	ENSMUSG00000021357	1
TTCCAG	ENSMUSG00000024095	1
TTCCAG	ENSMUSG00000024190	1
TTCCAG	ENSMUSG00000024487	1
TTCCAG	ENSMUSG00000024598	1
TTCCAG	ENSMUSG00000025362	1
TTCCAG	ENSMUSG00000025492	1
TTCCAG	ENSMUSG00000026043	1
TTCCAG	ENSMUSG00000030096	1
TTCCAG	ENSMUSG00000030796	1
TTCCAG	ENSMUSG00000032280	1
TTCCAG	ENSMUSG00000033628	1
TTCCAG	ENSMUSG00000037204	1
TTCCAG	ENSMUSG00000038806	1
TTCCAG	ENSMUSG00000040712	1
TTCCAG	ENSMUSG00000040952	1
TTCCAG	ENSMUSG00000041769	1
TTCCAG	ENSMUSG00000042354	1
TTCCAG	ENSMUSG00000044224	1
TTCCAG	ENSMUSG00000046031	1
TTCCAG	ENSMUSG00000048039	1
TTCCAG	ENSMUSG00000049804	1
TTCCAG	ENSMUSG00000051306	1
TTCCAG	ENSMUSG00000052833	1
TTCCAG	ENSMUSG00000058325	1
TTCCAG	ENSMUSG00000064339	1
TTCCAG	ENSMUSG00000075014	22
TTCCAG	ENSMUSG00000075015	4
TTCCAG	ENSMUSG00000092274	1
TTCCAG	ENSMUSG00000095891	1
TTCCAG	ENSMUSG00000096736	1
TTCCAG	ENSMUSG00000104388	1
TTCCAG	NA	105
TTCGAC	NA	1
TTCTCG	ENSMUSG00000025340	1
TTCTCG	ENSMUSG00000029213	1
TTCTCG	ENSMUSG00000030647	1
TTCTCG	ENSMUSG00000044786	1
TTCTCG	ENSMUSG00000045128	1
TTCTCG	ENSMUSG00000063870	1
TTCTCG	ENSMUSG00000064368	1
TTCTCG	NA	19
TTGCAC	NA	1
TTGCGA	NA	1
TTGCTG	NA	1
TTGGAG	ENSMUSG00000075014	2
TTGGCA	NA	1
TTGGTC	ENSMUSG00000001794	1
TTGGTC	ENSMUSG00000064368	1
TTGTGC	ENSMUSG00000000740	1
TTGTGC	ENSMUSG00000001794	1
TTGTGC	ENSMUSG00000004356	1
TTGTGC	ENSMUSG00000004668	1
TTGTGC	ENSMUSG00000019370	1
TTGTGC	ENSMUSG00000019929	1
TTGTGC	ENSMUSG00000020057	1
TTGTGC	ENSMUSG00000022009	1
TTGTGC	ENSMUSG00000022010	1
TTGTGC	ENSMUSG00000022587	1
TTGTGC	ENSMUSG00000024969	2
TTGTGC	ENSMUSG00000025239	1
TTGTGC	ENSMUSG00000026837	1
TTGTGC	ENSMUSG00000026864	1
TTGTGC	ENSMUSG00000026914	1
TTGTGC	ENSMUSG00000027304	1
TTGTGC	ENSMUSG00000027422	1
TTGTGC	ENSMUSG00000028053	1
TTGTGC	ENSMUSG00000029162	1
TTGTGC	ENSMUSG00000029467	1
TTGTGC	ENSMUSG00000029580	1
TTGTGC	ENSMUSG00000029661	1
TTGTGC	ENSMUSG00000030126	1
TTGTGC	ENSMUSG00000030605	2
TTGTGC	ENSMUSG00000032902	1
TTGTGC	ENSMUSG00000034557	1
TTGTGC	ENSMUSG00000037376	1
TTGTGC	ENSMUSG00000040550	1
TTGTGC	ENSMUSG00000040785	1
TTGTGC	ENSMUSG00000041481	1
TTGTGC	ENSMUSG00000053475	1
TTGTGC	ENSMUSG00000054604	1
TTGTGC	ENSMUSG00000064368	1
TTGTGC	ENSMUSG00000064370	1
TTGTGC	ENSMUSG00000064653	1
TTGTGC	ENSMUSG00000066232	1
TTGTGC	ENSMUSG00000069662	1
TTGTGC	ENSMUSG00000070544	1
TTGTGC	ENSMUSG00000075014	8
TTGTGC	ENSMUSG00000075015	2
TTGTGC	ENSMUSG00000091028	1
TTGTGC	ENSMUSG00000095280	1
TTGTGC	ENSMUSG00000110402	1
TTGTGC	NA	76
